[
{
  "model": "admin.logentry",
  "pk": 1,
  "fields": {
    "action_time": "2024-07-14T11:39:14.031Z",
    "user": 1,
    "content_type": 7,
    "object_id": "1",
    "object_repr": "Django4",
    "action_flag": 1,
    "change_message": "[{\"added\": {}}]"
  }
},
{
  "model": "admin.logentry",
  "pk": 2,
  "fields": {
    "action_time": "2024-07-14T11:39:51.917Z",
    "user": 1,
    "content_type": 7,
    "object_id": "2",
    "object_repr": "Python",
    "action_flag": 1,
    "change_message": "[{\"added\": {}}]"
  }
},
{
  "model": "admin.logentry",
  "pk": 3,
  "fields": {
    "action_time": "2024-07-14T11:40:37.822Z",
    "user": 1,
    "content_type": 7,
    "object_id": "3",
    "object_repr": "Programmer",
    "action_flag": 1,
    "change_message": "[{\"added\": {}}]"
  }
},
{
  "model": "admin.logentry",
  "pk": 4,
  "fields": {
    "action_time": "2024-07-14T11:41:02.577Z",
    "user": 1,
    "content_type": 7,
    "object_id": "4",
    "object_repr": "Microsoft",
    "action_flag": 1,
    "change_message": "[{\"added\": {}}]"
  }
},
{
  "model": "admin.logentry",
  "pk": 5,
  "fields": {
    "action_time": "2024-07-14T11:41:42.544Z",
    "user": 1,
    "content_type": 7,
    "object_id": "5",
    "object_repr": "Computer",
    "action_flag": 1,
    "change_message": "[{\"added\": {}}]"
  }
},
{
  "model": "admin.logentry",
  "pk": 6,
  "fields": {
    "action_time": "2024-07-14T11:42:12.671Z",
    "user": 1,
    "content_type": 7,
    "object_id": "6",
    "object_repr": "Moblie phone",
    "action_flag": 1,
    "change_message": "[{\"added\": {}}]"
  }
},
{
  "model": "admin.logentry",
  "pk": 7,
  "fields": {
    "action_time": "2024-07-16T08:46:11.484Z",
    "user": 1,
    "content_type": 7,
    "object_id": "3",
    "object_repr": "Programmer",
    "action_flag": 2,
    "change_message": "[{\"changed\": {\"fields\": [\"Tags\"]}}]"
  }
},
{
  "model": "admin.logentry",
  "pk": 8,
  "fields": {
    "action_time": "2024-07-16T08:47:08.525Z",
    "user": 1,
    "content_type": 7,
    "object_id": "1",
    "object_repr": "Django4",
    "action_flag": 2,
    "change_message": "[{\"changed\": {\"fields\": [\"Tags\"]}}]"
  }
},
{
  "model": "admin.logentry",
  "pk": 9,
  "fields": {
    "action_time": "2024-07-16T08:47:36.187Z",
    "user": 1,
    "content_type": 7,
    "object_id": "2",
    "object_repr": "Python",
    "action_flag": 2,
    "change_message": "[{\"changed\": {\"fields\": [\"Tags\"]}}]"
  }
},
{
  "model": "admin.logentry",
  "pk": 10,
  "fields": {
    "action_time": "2024-07-16T08:47:55.652Z",
    "user": 1,
    "content_type": 7,
    "object_id": "1",
    "object_repr": "Django4",
    "action_flag": 2,
    "change_message": "[{\"changed\": {\"fields\": [\"Tags\"]}}]"
  }
},
{
  "model": "admin.logentry",
  "pk": 11,
  "fields": {
    "action_time": "2024-07-16T08:49:21.775Z",
    "user": 1,
    "content_type": 7,
    "object_id": "4",
    "object_repr": "Microsoft",
    "action_flag": 2,
    "change_message": "[{\"changed\": {\"fields\": [\"Tags\"]}}]"
  }
},
{
  "model": "admin.logentry",
  "pk": 12,
  "fields": {
    "action_time": "2024-07-16T08:49:34.435Z",
    "user": 1,
    "content_type": 7,
    "object_id": "4",
    "object_repr": "Microsoft",
    "action_flag": 2,
    "change_message": "[{\"changed\": {\"fields\": [\"Tags\"]}}]"
  }
},
{
  "model": "admin.logentry",
  "pk": 13,
  "fields": {
    "action_time": "2024-07-16T08:49:44.054Z",
    "user": 1,
    "content_type": 7,
    "object_id": "1",
    "object_repr": "Django4",
    "action_flag": 2,
    "change_message": "[{\"changed\": {\"fields\": [\"Tags\"]}}]"
  }
},
{
  "model": "admin.logentry",
  "pk": 14,
  "fields": {
    "action_time": "2024-07-16T08:50:07.921Z",
    "user": 1,
    "content_type": 7,
    "object_id": "2",
    "object_repr": "Python",
    "action_flag": 2,
    "change_message": "[{\"changed\": {\"fields\": [\"Tags\"]}}]"
  }
},
{
  "model": "admin.logentry",
  "pk": 15,
  "fields": {
    "action_time": "2024-07-16T08:50:22.950Z",
    "user": 1,
    "content_type": 7,
    "object_id": "3",
    "object_repr": "Programmer",
    "action_flag": 2,
    "change_message": "[{\"changed\": {\"fields\": [\"Tags\"]}}]"
  }
},
{
  "model": "admin.logentry",
  "pk": 16,
  "fields": {
    "action_time": "2024-07-16T08:54:26.555Z",
    "user": 1,
    "content_type": 7,
    "object_id": "5",
    "object_repr": "Computer",
    "action_flag": 2,
    "change_message": "[{\"changed\": {\"fields\": [\"Tags\"]}}]"
  }
},
{
  "model": "admin.logentry",
  "pk": 17,
  "fields": {
    "action_time": "2024-07-16T08:55:42.176Z",
    "user": 1,
    "content_type": 7,
    "object_id": "6",
    "object_repr": "Moblie phone",
    "action_flag": 2,
    "change_message": "[{\"changed\": {\"fields\": [\"Tags\"]}}]"
  }
},
{
  "model": "admin.logentry",
  "pk": 18,
  "fields": {
    "action_time": "2024-07-16T08:56:46.260Z",
    "user": 1,
    "content_type": 7,
    "object_id": "5",
    "object_repr": "Computer",
    "action_flag": 2,
    "change_message": "[{\"changed\": {\"fields\": [\"Tags\"]}}]"
  }
},
{
  "model": "admin.logentry",
  "pk": 19,
  "fields": {
    "action_time": "2024-07-16T09:09:30.520Z",
    "user": 1,
    "content_type": 7,
    "object_id": "7",
    "object_repr": "Mardown post",
    "action_flag": 1,
    "change_message": "[{\"added\": {}}]"
  }
},
{
  "model": "admin.logentry",
  "pk": 20,
  "fields": {
    "action_time": "2024-07-16T09:10:14.015Z",
    "user": 1,
    "content_type": 7,
    "object_id": "7",
    "object_repr": "Mardown post",
    "action_flag": 2,
    "change_message": "[{\"changed\": {\"fields\": [\"Status\"]}}]"
  }
},
{
  "model": "auth.permission",
  "pk": 1,
  "fields": {
    "name": "Can add log entry",
    "content_type": 1,
    "codename": "add_logentry"
  }
},
{
  "model": "auth.permission",
  "pk": 2,
  "fields": {
    "name": "Can change log entry",
    "content_type": 1,
    "codename": "change_logentry"
  }
},
{
  "model": "auth.permission",
  "pk": 3,
  "fields": {
    "name": "Can delete log entry",
    "content_type": 1,
    "codename": "delete_logentry"
  }
},
{
  "model": "auth.permission",
  "pk": 4,
  "fields": {
    "name": "Can view log entry",
    "content_type": 1,
    "codename": "view_logentry"
  }
},
{
  "model": "auth.permission",
  "pk": 5,
  "fields": {
    "name": "Can add permission",
    "content_type": 2,
    "codename": "add_permission"
  }
},
{
  "model": "auth.permission",
  "pk": 6,
  "fields": {
    "name": "Can change permission",
    "content_type": 2,
    "codename": "change_permission"
  }
},
{
  "model": "auth.permission",
  "pk": 7,
  "fields": {
    "name": "Can delete permission",
    "content_type": 2,
    "codename": "delete_permission"
  }
},
{
  "model": "auth.permission",
  "pk": 8,
  "fields": {
    "name": "Can view permission",
    "content_type": 2,
    "codename": "view_permission"
  }
},
{
  "model": "auth.permission",
  "pk": 9,
  "fields": {
    "name": "Can add group",
    "content_type": 3,
    "codename": "add_group"
  }
},
{
  "model": "auth.permission",
  "pk": 10,
  "fields": {
    "name": "Can change group",
    "content_type": 3,
    "codename": "change_group"
  }
},
{
  "model": "auth.permission",
  "pk": 11,
  "fields": {
    "name": "Can delete group",
    "content_type": 3,
    "codename": "delete_group"
  }
},
{
  "model": "auth.permission",
  "pk": 12,
  "fields": {
    "name": "Can view group",
    "content_type": 3,
    "codename": "view_group"
  }
},
{
  "model": "auth.permission",
  "pk": 13,
  "fields": {
    "name": "Can add user",
    "content_type": 4,
    "codename": "add_user"
  }
},
{
  "model": "auth.permission",
  "pk": 14,
  "fields": {
    "name": "Can change user",
    "content_type": 4,
    "codename": "change_user"
  }
},
{
  "model": "auth.permission",
  "pk": 15,
  "fields": {
    "name": "Can delete user",
    "content_type": 4,
    "codename": "delete_user"
  }
},
{
  "model": "auth.permission",
  "pk": 16,
  "fields": {
    "name": "Can view user",
    "content_type": 4,
    "codename": "view_user"
  }
},
{
  "model": "auth.permission",
  "pk": 17,
  "fields": {
    "name": "Can add content type",
    "content_type": 5,
    "codename": "add_contenttype"
  }
},
{
  "model": "auth.permission",
  "pk": 18,
  "fields": {
    "name": "Can change content type",
    "content_type": 5,
    "codename": "change_contenttype"
  }
},
{
  "model": "auth.permission",
  "pk": 19,
  "fields": {
    "name": "Can delete content type",
    "content_type": 5,
    "codename": "delete_contenttype"
  }
},
{
  "model": "auth.permission",
  "pk": 20,
  "fields": {
    "name": "Can view content type",
    "content_type": 5,
    "codename": "view_contenttype"
  }
},
{
  "model": "auth.permission",
  "pk": 21,
  "fields": {
    "name": "Can add session",
    "content_type": 6,
    "codename": "add_session"
  }
},
{
  "model": "auth.permission",
  "pk": 22,
  "fields": {
    "name": "Can change session",
    "content_type": 6,
    "codename": "change_session"
  }
},
{
  "model": "auth.permission",
  "pk": 23,
  "fields": {
    "name": "Can delete session",
    "content_type": 6,
    "codename": "delete_session"
  }
},
{
  "model": "auth.permission",
  "pk": 24,
  "fields": {
    "name": "Can view session",
    "content_type": 6,
    "codename": "view_session"
  }
},
{
  "model": "auth.permission",
  "pk": 25,
  "fields": {
    "name": "Can add post",
    "content_type": 7,
    "codename": "add_post"
  }
},
{
  "model": "auth.permission",
  "pk": 26,
  "fields": {
    "name": "Can change post",
    "content_type": 7,
    "codename": "change_post"
  }
},
{
  "model": "auth.permission",
  "pk": 27,
  "fields": {
    "name": "Can delete post",
    "content_type": 7,
    "codename": "delete_post"
  }
},
{
  "model": "auth.permission",
  "pk": 28,
  "fields": {
    "name": "Can view post",
    "content_type": 7,
    "codename": "view_post"
  }
},
{
  "model": "auth.permission",
  "pk": 29,
  "fields": {
    "name": "Can add comment",
    "content_type": 8,
    "codename": "add_comment"
  }
},
{
  "model": "auth.permission",
  "pk": 30,
  "fields": {
    "name": "Can change comment",
    "content_type": 8,
    "codename": "change_comment"
  }
},
{
  "model": "auth.permission",
  "pk": 31,
  "fields": {
    "name": "Can delete comment",
    "content_type": 8,
    "codename": "delete_comment"
  }
},
{
  "model": "auth.permission",
  "pk": 32,
  "fields": {
    "name": "Can view comment",
    "content_type": 8,
    "codename": "view_comment"
  }
},
{
  "model": "auth.permission",
  "pk": 33,
  "fields": {
    "name": "Can add tag",
    "content_type": 9,
    "codename": "add_tag"
  }
},
{
  "model": "auth.permission",
  "pk": 34,
  "fields": {
    "name": "Can change tag",
    "content_type": 9,
    "codename": "change_tag"
  }
},
{
  "model": "auth.permission",
  "pk": 35,
  "fields": {
    "name": "Can delete tag",
    "content_type": 9,
    "codename": "delete_tag"
  }
},
{
  "model": "auth.permission",
  "pk": 36,
  "fields": {
    "name": "Can view tag",
    "content_type": 9,
    "codename": "view_tag"
  }
},
{
  "model": "auth.permission",
  "pk": 37,
  "fields": {
    "name": "Can add tagged item",
    "content_type": 10,
    "codename": "add_taggeditem"
  }
},
{
  "model": "auth.permission",
  "pk": 38,
  "fields": {
    "name": "Can change tagged item",
    "content_type": 10,
    "codename": "change_taggeditem"
  }
},
{
  "model": "auth.permission",
  "pk": 39,
  "fields": {
    "name": "Can delete tagged item",
    "content_type": 10,
    "codename": "delete_taggeditem"
  }
},
{
  "model": "auth.permission",
  "pk": 40,
  "fields": {
    "name": "Can view tagged item",
    "content_type": 10,
    "codename": "view_taggeditem"
  }
},
{
  "model": "auth.permission",
  "pk": 41,
  "fields": {
    "name": "Can add site",
    "content_type": 11,
    "codename": "add_site"
  }
},
{
  "model": "auth.permission",
  "pk": 42,
  "fields": {
    "name": "Can change site",
    "content_type": 11,
    "codename": "change_site"
  }
},
{
  "model": "auth.permission",
  "pk": 43,
  "fields": {
    "name": "Can delete site",
    "content_type": 11,
    "codename": "delete_site"
  }
},
{
  "model": "auth.permission",
  "pk": 44,
  "fields": {
    "name": "Can view site",
    "content_type": 11,
    "codename": "view_site"
  }
},
{
  "model": "auth.user",
  "pk": 1,
  "fields": {
    "password": "pbkdf2_sha256$720000$J1mEqr2xso9TRRPdc8Gdt0$EtDeLlXzgP/wqTq056rTTGdGuB+zMCwY91U0R1CjZy8=",
    "last_login": "2024-07-14T11:37:54.839Z",
    "is_superuser": true,
    "username": "supername",
    "first_name": "",
    "last_name": "",
    "email": "gabov1154@mail.ru",
    "is_staff": true,
    "is_active": true,
    "date_joined": "2024-07-14T11:35:26.315Z",
    "groups": [],
    "user_permissions": []
  }
},
{
  "model": "contenttypes.contenttype",
  "pk": 1,
  "fields": {
    "app_label": "admin",
    "model": "logentry"
  }
},
{
  "model": "contenttypes.contenttype",
  "pk": 2,
  "fields": {
    "app_label": "auth",
    "model": "permission"
  }
},
{
  "model": "contenttypes.contenttype",
  "pk": 3,
  "fields": {
    "app_label": "auth",
    "model": "group"
  }
},
{
  "model": "contenttypes.contenttype",
  "pk": 4,
  "fields": {
    "app_label": "auth",
    "model": "user"
  }
},
{
  "model": "contenttypes.contenttype",
  "pk": 5,
  "fields": {
    "app_label": "contenttypes",
    "model": "contenttype"
  }
},
{
  "model": "contenttypes.contenttype",
  "pk": 6,
  "fields": {
    "app_label": "sessions",
    "model": "session"
  }
},
{
  "model": "contenttypes.contenttype",
  "pk": 7,
  "fields": {
    "app_label": "blog",
    "model": "post"
  }
},
{
  "model": "contenttypes.contenttype",
  "pk": 8,
  "fields": {
    "app_label": "blog",
    "model": "comment"
  }
},
{
  "model": "contenttypes.contenttype",
  "pk": 9,
  "fields": {
    "app_label": "taggit",
    "model": "tag"
  }
},
{
  "model": "contenttypes.contenttype",
  "pk": 10,
  "fields": {
    "app_label": "taggit",
    "model": "taggeditem"
  }
},
{
  "model": "contenttypes.contenttype",
  "pk": 11,
  "fields": {
    "app_label": "sites",
    "model": "site"
  }
},
{
  "model": "sessions.session",
  "pk": "1b53lpse4flagm7ifhq1voxg9rylbird",
  "fields": {
    "session_data": ".eJxVjMsOwiAQRf-FtSFAebp07zeQGRikaiAp7cr479qkC93ec859sQjbWuM2aIlzZmcm2el3Q0gPajvId2i3zlNv6zIj3xV-0MGvPdPzcrh_BxVG_dZgoTgBRWppXchKoZwAUTgZSjIEBrNAL2nKE2ifjDfOJ2EDQTBCK83eH-6aN8M:1sSxYA:idNfFSuRMb_1aHJAop8stYeyZmolcExnDX_0Snt3IWE",
    "expire_date": "2024-07-28T11:37:54.843Z"
  }
},
{
  "model": "blog.post",
  "pk": 1,
  "fields": {
    "title": "Django4",
    "slug": "django4",
    "author": 1,
    "body": "Django (Джанго, ['dʒæŋɡoʊ][5]) — свободный фреймворк для веб-приложений на языке Python, использующий шаблон проектирования MVC[6]. Проект поддерживается организацией Django Software Foundation.\r\n\r\nСайт на Django строится из одного или нескольких приложений, которые рекомендуется делать отчуждаемыми и подключаемыми. Это одно из существенных архитектурных отличий этого фреймворка от некоторых других (например, Ruby on Rails). Один из основных принципов фреймворка — DRY (англ. Don't repeat yourself)\r\n\r\nТакже, в отличие от других фреймворков, обработчики URL в Django конфигурируются явно при помощи регулярных выражений.\r\n\r\nДля работы с базой данных Django использует собственный ORM, в котором модель данных описывается классами Python, и по ней генерируется схема базы данных.[7]",
    "publish": "2024-07-14T11:38:02Z",
    "created": "2024-07-14T11:39:14.030Z",
    "updated": "2024-07-16T08:49:44.050Z",
    "status": "PB"
  }
},
{
  "model": "blog.post",
  "pk": 2,
  "fields": {
    "title": "Python",
    "slug": "python",
    "author": 1,
    "body": "Python is a high-level, general-purpose programming language. Its design philosophy emphasizes code readability with the use of significant indentation.[33]\r\n\r\nPython is dynamically typed and garbage-collected. It supports multiple programming paradigms, including structured (particularly procedural), object-oriented and functional programming. It is often described as a \"batteries included\" language due to its comprehensive standard library.[34][35]\r\n\r\nGuido van Rossum began working on Python in the late 1980s as a successor to the ABC programming language and first released it in 1991 as Python 0.9.0.[36] Python 2.0 was released in 2000. Python 3.0, released in 2008, was a major revision not completely backward-compatible with earlier versions. Python 2.7.18, released in 2020, was the last release of Python 2.[37]\r\n\r\nPython consistently ranks as one of the most popular programming languages, and has gained widespread use in the machine learning community.[38][39][40][41]",
    "publish": "2024-07-14T11:39:16Z",
    "created": "2024-07-14T11:39:51.915Z",
    "updated": "2024-07-16T08:50:07.910Z",
    "status": "PB"
  }
},
{
  "model": "blog.post",
  "pk": 3,
  "fields": {
    "title": "Programmer",
    "slug": "programmer",
    "author": 1,
    "body": "A programmer, computer programmer or coder is an author of computer source code – someone with skill in computer programming.\r\n\r\nThe professional titles software developer and software engineer are used for jobs that require a programmer.\r\n\r\nGenerally, a programmer writes code in a computer language and with an intent to build software that achieves some goal.",
    "publish": "2024-07-14T11:39:53Z",
    "created": "2024-07-14T11:40:37.821Z",
    "updated": "2024-07-16T08:50:22.945Z",
    "status": "DF"
  }
},
{
  "model": "blog.post",
  "pk": 4,
  "fields": {
    "title": "Microsoft",
    "slug": "microsoft",
    "author": 1,
    "body": "Microsoft Corporation («Ма́йкрософт»)[5] — американская публичная транснациональная корпорация, один из крупнейших в мире разработчиков в сфере проприетарного программного обеспечения для различного рода вычислительной техники — персональных компьютеров, игровых приставок, КПК, мобильных телефонов и прочего. Наиболее известными продуктами являются семейства операционных систем Windows и офисных приложений Microsoft Office. Кроме этого компания разрабатывает и продаёт ноутбуки и планшетные компьютеры под брендом Surface, игровые консоли Xbox, а также аксессуары для персональных компьютеров (клавиатуры, мыши и так далее).\r\n\r\nШтаб-квартира компании находится в городе Редмонд, штат Вашингтон, США.\r\n\r\nШтат сотрудников корпорации по состоянию на 30 июня 2022 года составлял 221 тыс. человек[3]. В 2018 году заняла второе место в списке 500 лучших работодателей мира по мнению журнала Forbes[6]. В списке крупнейших публичных компаний мира Forbes Global 2000 за 2022 год компания заняла 12-е место[7]. В числе крупнейших компаний США по размеру выручки в 2022 году (список Fortune 500) Microsoft заняла 14-е место[8].",
    "publish": "2024-07-14T11:40:39Z",
    "created": "2024-07-14T11:41:02.576Z",
    "updated": "2024-07-16T08:49:34.430Z",
    "status": "PB"
  }
},
{
  "model": "blog.post",
  "pk": 5,
  "fields": {
    "title": "Computer",
    "slug": "computer",
    "author": 1,
    "body": "A computer is a machine that can be programmed to automatically carry out sequences of arithmetic or logical operations (computation). Modern digital electronic computers can perform generic sets of operations known as programs. These programs enable computers to perform a wide range of tasks. The term computer system may refer to a nominally complete computer that includes the hardware, operating system, software, and peripheral equipment needed and used for full operation; or to a group of computers that are linked and function together, such as a computer network or computer cluster.",
    "publish": "2024-07-14T11:41:04Z",
    "created": "2024-07-14T11:41:42.543Z",
    "updated": "2024-07-16T08:56:46.250Z",
    "status": "PB"
  }
},
{
  "model": "blog.post",
  "pk": 6,
  "fields": {
    "title": "Moblie phone",
    "slug": "moblie-phone",
    "author": 1,
    "body": "A mobile phone or cell phone[a] is a portable telephone that can make and receive calls over a radio frequency link while the user is moving within a telephone service area, as opposed to a fixed-location phone (landline phone). The radio frequency link establishes a connection to the switching systems of a mobile phone operator, which provides access to the public switched telephone network (PSTN). Modern mobile telephone services use a cellular network architecture, and therefore mobile telephones are called cellphones (or \"cell phones\") in North America. In addition to telephony, digital mobile phones support a variety of other services, such as text messaging, multimedia messaging, email, Internet access (via LTE, 5G NR or Wi-Fi), short-range wireless communications (infrared, Bluetooth), satellite access (navigation, messaging connectivity), business applications, payments (via NFC), multimedia playback and streaming (radio, television), digital photography, and video games. Mobile phones offering only basic capabilities are known as feature phones (slang: \"dumbphones\"); mobile phones that offer greatly advanced computing capabilities are referred to as smartphones.[1]",
    "publish": "2024-07-14T11:42:01Z",
    "created": "2024-07-14T11:42:12.669Z",
    "updated": "2024-07-16T08:55:42.164Z",
    "status": "PB"
  }
},
{
  "model": "blog.post",
  "pk": 7,
  "fields": {
    "title": "Mardown post",
    "slug": "mardown-post",
    "author": 1,
    "body": "This is a post formatted with markdown\r\n\r\n--------------------------------------\r\n\r\n*This is emphasized* and **this is more emphasized**.\r\n\r\nHere is a list:\r\n\r\n* One\r\n\r\n* Two\r\n\r\n* Three\r\n\r\n \r\n\r\nAnd a [link to the Django website](https://www.djangoproject.com/)",
    "publish": "2024-07-16T09:08:42Z",
    "created": "2024-07-16T09:09:30.513Z",
    "updated": "2024-07-16T09:10:14.012Z",
    "status": "PB"
  }
},
{
  "model": "blog.comment",
  "pk": 1,
  "fields": {
    "post": 6,
    "name": "Eugene",
    "email": "Gabov1154@mail.ru",
    "body": "My new comment about this post",
    "created": "2024-07-15T08:58:04.984Z",
    "updated": "2024-07-15T08:58:04.984Z",
    "active": true
  }
},
{
  "model": "taggit.tag",
  "pk": 1,
  "fields": {
    "name": "programm",
    "slug": "programm"
  }
},
{
  "model": "taggit.tag",
  "pk": 2,
  "fields": {
    "name": "javascrypt",
    "slug": "javascrypt"
  }
},
{
  "model": "taggit.tag",
  "pk": 3,
  "fields": {
    "name": "computer",
    "slug": "computer"
  }
},
{
  "model": "taggit.tag",
  "pk": 4,
  "fields": {
    "name": "php",
    "slug": "php"
  }
},
{
  "model": "taggit.tag",
  "pk": 5,
  "fields": {
    "name": "language",
    "slug": "language"
  }
},
{
  "model": "taggit.tag",
  "pk": 6,
  "fields": {
    "name": "django",
    "slug": "django"
  }
},
{
  "model": "taggit.tag",
  "pk": 7,
  "fields": {
    "name": "java",
    "slug": "java"
  }
},
{
  "model": "taggit.tag",
  "pk": 8,
  "fields": {
    "name": "Van",
    "slug": "van"
  }
},
{
  "model": "taggit.tag",
  "pk": 9,
  "fields": {
    "name": "Rossum",
    "slug": "rossum"
  }
},
{
  "model": "taggit.tag",
  "pk": 10,
  "fields": {
    "name": "Gvido",
    "slug": "gvido"
  }
},
{
  "model": "taggit.tag",
  "pk": 11,
  "fields": {
    "name": "python",
    "slug": "python"
  }
},
{
  "model": "taggit.tag",
  "pk": 12,
  "fields": {
    "name": "framework",
    "slug": "framework"
  }
},
{
  "model": "taggit.tag",
  "pk": 13,
  "fields": {
    "name": "software",
    "slug": "software"
  }
},
{
  "model": "taggit.tag",
  "pk": 14,
  "fields": {
    "name": "technology",
    "slug": "technology"
  }
},
{
  "model": "taggit.tag",
  "pk": 15,
  "fields": {
    "name": "company",
    "slug": "company"
  }
},
{
  "model": "taggit.tag",
  "pk": 16,
  "fields": {
    "name": "microsoft",
    "slug": "microsoft"
  }
},
{
  "model": "taggit.tag",
  "pk": 17,
  "fields": {
    "name": "gvido",
    "slug": "gvido_1"
  }
},
{
  "model": "taggit.tag",
  "pk": 18,
  "fields": {
    "name": "van",
    "slug": "van_1"
  }
},
{
  "model": "taggit.tag",
  "pk": 19,
  "fields": {
    "name": "rossum",
    "slug": "rossum_1"
  }
},
{
  "model": "taggit.tag",
  "pk": 20,
  "fields": {
    "name": "programmer",
    "slug": "programmer"
  }
},
{
  "model": "taggit.tag",
  "pk": 21,
  "fields": {
    "name": "machine",
    "slug": "machine"
  }
},
{
  "model": "taggit.tag",
  "pk": 22,
  "fields": {
    "name": "samsung",
    "slug": "samsung"
  }
},
{
  "model": "taggit.tag",
  "pk": 23,
  "fields": {
    "name": "phone",
    "slug": "phone"
  }
},
{
  "model": "taggit.tag",
  "pk": 24,
  "fields": {
    "name": "sony",
    "slug": "sony"
  }
},
{
  "model": "taggit.tag",
  "pk": 25,
  "fields": {
    "name": "nokia",
    "slug": "nokia"
  }
},
{
  "model": "taggit.tag",
  "pk": 26,
  "fields": {
    "name": "apple",
    "slug": "apple"
  }
},
{
  "model": "taggit.tag",
  "pk": 27,
  "fields": {
    "name": "call",
    "slug": "call"
  }
},
{
  "model": "taggit.tag",
  "pk": 28,
  "fields": {
    "name": "xsiaomi",
    "slug": "xsiaomi"
  }
},
{
  "model": "taggit.tag",
  "pk": 29,
  "fields": {
    "name": "asus",
    "slug": "asus"
  }
},
{
  "model": "taggit.tag",
  "pk": 30,
  "fields": {
    "name": "lenovo",
    "slug": "lenovo"
  }
},
{
  "model": "taggit.tag",
  "pk": 31,
  "fields": {
    "name": "mac",
    "slug": "mac"
  }
},
{
  "model": "taggit.tag",
  "pk": 32,
  "fields": {
    "name": "msi",
    "slug": "msi"
  }
},
{
  "model": "taggit.tag",
  "pk": 33,
  "fields": {
    "name": "acer",
    "slug": "acer"
  }
},
{
  "model": "taggit.tag",
  "pk": 34,
  "fields": {
    "name": "markdown",
    "slug": "markdown"
  }
},
{
  "model": "taggit.taggeditem",
  "pk": 1,
  "fields": {
    "tag": 1,
    "content_type": 7,
    "object_id": 3
  }
},
{
  "model": "taggit.taggeditem",
  "pk": 2,
  "fields": {
    "tag": 2,
    "content_type": 7,
    "object_id": 3
  }
},
{
  "model": "taggit.taggeditem",
  "pk": 3,
  "fields": {
    "tag": 3,
    "content_type": 7,
    "object_id": 3
  }
},
{
  "model": "taggit.taggeditem",
  "pk": 4,
  "fields": {
    "tag": 4,
    "content_type": 7,
    "object_id": 3
  }
},
{
  "model": "taggit.taggeditem",
  "pk": 5,
  "fields": {
    "tag": 5,
    "content_type": 7,
    "object_id": 3
  }
},
{
  "model": "taggit.taggeditem",
  "pk": 6,
  "fields": {
    "tag": 6,
    "content_type": 7,
    "object_id": 3
  }
},
{
  "model": "taggit.taggeditem",
  "pk": 7,
  "fields": {
    "tag": 7,
    "content_type": 7,
    "object_id": 3
  }
},
{
  "model": "taggit.taggeditem",
  "pk": 12,
  "fields": {
    "tag": 10,
    "content_type": 7,
    "object_id": 1
  }
},
{
  "model": "taggit.taggeditem",
  "pk": 13,
  "fields": {
    "tag": 11,
    "content_type": 7,
    "object_id": 1
  }
},
{
  "model": "taggit.taggeditem",
  "pk": 17,
  "fields": {
    "tag": 11,
    "content_type": 7,
    "object_id": 2
  }
},
{
  "model": "taggit.taggeditem",
  "pk": 18,
  "fields": {
    "tag": 12,
    "content_type": 7,
    "object_id": 1
  }
},
{
  "model": "taggit.taggeditem",
  "pk": 19,
  "fields": {
    "tag": 1,
    "content_type": 7,
    "object_id": 4
  }
},
{
  "model": "taggit.taggeditem",
  "pk": 20,
  "fields": {
    "tag": 13,
    "content_type": 7,
    "object_id": 4
  }
},
{
  "model": "taggit.taggeditem",
  "pk": 21,
  "fields": {
    "tag": 14,
    "content_type": 7,
    "object_id": 4
  }
},
{
  "model": "taggit.taggeditem",
  "pk": 22,
  "fields": {
    "tag": 15,
    "content_type": 7,
    "object_id": 4
  }
},
{
  "model": "taggit.taggeditem",
  "pk": 23,
  "fields": {
    "tag": 16,
    "content_type": 7,
    "object_id": 4
  }
},
{
  "model": "taggit.taggeditem",
  "pk": 24,
  "fields": {
    "tag": 6,
    "content_type": 7,
    "object_id": 1
  }
},
{
  "model": "taggit.taggeditem",
  "pk": 25,
  "fields": {
    "tag": 17,
    "content_type": 7,
    "object_id": 2
  }
},
{
  "model": "taggit.taggeditem",
  "pk": 26,
  "fields": {
    "tag": 18,
    "content_type": 7,
    "object_id": 2
  }
},
{
  "model": "taggit.taggeditem",
  "pk": 27,
  "fields": {
    "tag": 19,
    "content_type": 7,
    "object_id": 2
  }
},
{
  "model": "taggit.taggeditem",
  "pk": 28,
  "fields": {
    "tag": 5,
    "content_type": 7,
    "object_id": 2
  }
},
{
  "model": "taggit.taggeditem",
  "pk": 29,
  "fields": {
    "tag": 20,
    "content_type": 7,
    "object_id": 3
  }
},
{
  "model": "taggit.taggeditem",
  "pk": 30,
  "fields": {
    "tag": 3,
    "content_type": 7,
    "object_id": 5
  }
},
{
  "model": "taggit.taggeditem",
  "pk": 31,
  "fields": {
    "tag": 21,
    "content_type": 7,
    "object_id": 5
  }
},
{
  "model": "taggit.taggeditem",
  "pk": 32,
  "fields": {
    "tag": 22,
    "content_type": 7,
    "object_id": 6
  }
},
{
  "model": "taggit.taggeditem",
  "pk": 33,
  "fields": {
    "tag": 23,
    "content_type": 7,
    "object_id": 6
  }
},
{
  "model": "taggit.taggeditem",
  "pk": 34,
  "fields": {
    "tag": 24,
    "content_type": 7,
    "object_id": 6
  }
},
{
  "model": "taggit.taggeditem",
  "pk": 35,
  "fields": {
    "tag": 25,
    "content_type": 7,
    "object_id": 6
  }
},
{
  "model": "taggit.taggeditem",
  "pk": 36,
  "fields": {
    "tag": 26,
    "content_type": 7,
    "object_id": 6
  }
},
{
  "model": "taggit.taggeditem",
  "pk": 37,
  "fields": {
    "tag": 27,
    "content_type": 7,
    "object_id": 6
  }
},
{
  "model": "taggit.taggeditem",
  "pk": 38,
  "fields": {
    "tag": 28,
    "content_type": 7,
    "object_id": 6
  }
},
{
  "model": "taggit.taggeditem",
  "pk": 39,
  "fields": {
    "tag": 32,
    "content_type": 7,
    "object_id": 5
  }
},
{
  "model": "taggit.taggeditem",
  "pk": 40,
  "fields": {
    "tag": 33,
    "content_type": 7,
    "object_id": 5
  }
},
{
  "model": "taggit.taggeditem",
  "pk": 41,
  "fields": {
    "tag": 29,
    "content_type": 7,
    "object_id": 5
  }
},
{
  "model": "taggit.taggeditem",
  "pk": 42,
  "fields": {
    "tag": 30,
    "content_type": 7,
    "object_id": 5
  }
},
{
  "model": "taggit.taggeditem",
  "pk": 43,
  "fields": {
    "tag": 31,
    "content_type": 7,
    "object_id": 5
  }
},
{
  "model": "taggit.taggeditem",
  "pk": 44,
  "fields": {
    "tag": 34,
    "content_type": 7,
    "object_id": 7
  }
},
{
  "model": "sites.site",
  "pk": 1,
  "fields": {
    "domain": "example.com",
    "name": "example.com"
  }
}
]
